"","country","games","iso_a3","population","medal_type","medal_winner","medal_total","medals_1","medals_2","medals_3","medals_4","medals_5","medals_1.team","rank_total","p_mean","p_median","p_credlow","p_credhigh","rank_mean","rank_median","rank_credlow","rank_credhigh","rank_mean_beta","rank_median_beta","observed_mpm","estimate_mpm","estimate_mpm_credlow","estimate_mpm_credhigh","rank_pc"
"1","Afghanistan","paris-2024","AFG",42647000,"Non-medalist","non_medal_winner",0,0,0,0,0,0,0,1,1.03098240469849e-08,5.3084510567164e-09,1.09439829928988e-09,4.73719167840796e-08,NA,NA,NA,NA,NA,NA,0,0.0053084510567164,0.00109439829928988,0.0473719167840796,91
"2","American Samoa","paris-2024","ASM",47000,"Non-medalist","non_medal_winner",0,0,0,0,0,0,0,2,3.20101865784193e-07,7.01312168444335e-08,1.29580554726498e-09,2.20531664491267e-06,NA,NA,NA,NA,NA,NA,0,0.0701312168444335,0.00129580554726498,2.20531664491267,92
"3","Andorra","paris-2024","AND",82000,"Non-medalist","non_medal_winner",0,0,0,0,0,0,0,3,3.07848239012836e-07,6.32667382568831e-08,1.29677200005679e-09,2.06457662334491e-06,NA,NA,NA,NA,NA,NA,0,0.0632667382568831,0.00129677200005679,2.06457662334491,93
"4","Angola","paris-2024","AGO",37886000,"Non-medalist","non_medal_winner",0,0,0,0,0,0,0,4,1.10809788882626e-08,5.57249455021078e-09,1.08704383868225e-09,5.20904537479821e-08,NA,NA,NA,NA,NA,NA,0,0.00557249455021078,0.00108704383868225,0.0520904537479821,94
"5","Antigua and Barbuda","paris-2024","ATG",94000,"Non-medalist","non_medal_winner",0,0,0,0,0,0,0,5,2.97645639890287e-07,6.23585176591716e-08,1.29651074256388e-09,1.97458340942097e-06,NA,NA,NA,NA,NA,NA,0,0.0623585176591716,0.00129651074256388,1.97458340942097,95
"6","Aruba","paris-2024","ABW",108000,"Non-medalist","non_medal_winner",0,0,0,0,0,0,0,6,2.9540947044999e-07,6.13979031539076e-08,1.30705052370954e-09,1.9311523684693e-06,NA,NA,NA,NA,NA,NA,0,0.0613979031539076,0.00130705052370954,1.9311523684693,96
"7","Bahamas","paris-2024","BHS",401000,"Non-medalist","non_medal_winner",0,0,0,0,0,0,0,7,2.1320109536825e-07,4.85585888256095e-08,1.33270114974331e-09,1.37692049744887e-06,NA,NA,NA,NA,NA,NA,0,0.0485585888256095,0.00133270114974331,1.37692049744887,97
"8","Bangladesh","paris-2024","BGD",173562000,"Non-medalist","non_medal_winner",0,0,0,0,0,0,0,8,3.90624218725095e-09,2.62345205657635e-09,1.04561791138469e-09,1.44555507527221e-08,NA,NA,NA,NA,NA,NA,0,0.00262345205657635,0.00104561791138469,0.0144555507527221,98
"9","Barbados","paris-2024","BRB",282000,"Non-medalist","non_medal_winner",0,0,0,0,0,0,0,9,2.43140609120735e-07,5.73239851799095e-08,1.2808198584296e-09,1.58628797122655e-06,NA,NA,NA,NA,NA,NA,0,0.0573239851799095,0.0012808198584296,1.58628797122655,99
"10","Belize","paris-2024","BLZ",417000,"Non-medalist","non_medal_winner",0,0,0,0,0,0,0,10,2.17556718727489e-07,4.99236871629931e-08,1.27624146370201e-09,1.45167690422577e-06,NA,NA,NA,NA,NA,NA,0,0.0499236871629931,0.00127624146370201,1.45167690422577,100
"11","Benin","paris-2024","BEN",14463000,"Non-medalist","non_medal_winner",0,0,0,0,0,0,0,11,2.26609654271835e-08,9.21215602126676e-09,1.14478110847875e-09,1.25868724493504e-07,NA,NA,NA,NA,NA,NA,0,0.00921215602126676,0.00114478110847875,0.125868724493504,101
"12","Bermuda","paris-2024","BMU",65000,"Non-medalist","non_medal_winner",0,0,0,0,0,0,0,12,3.04531208901206e-07,6.24402495465511e-08,1.32314291206949e-09,2.0135010939796e-06,NA,NA,NA,NA,NA,NA,0,0.0624402495465511,0.00132314291206949,2.0135010939796,102
"13","Bhutan","paris-2024","BTN",792000,"Non-medalist","non_medal_winner",0,0,0,0,0,0,0,13,1.77932824162519e-07,4.45615673545184e-08,1.28784700887241e-09,1.21692159394643e-06,NA,NA,NA,NA,NA,NA,0,0.0445615673545184,0.00128784700887241,1.21692159394643,103
"14","Bolivia","paris-2024","BOL",12413000,"Non-medalist","non_medal_winner",0,0,0,0,0,0,0,14,2.57630804817071e-08,1.02497430104145e-08,1.127743676085e-09,1.43369848216624e-07,NA,NA,NA,NA,NA,NA,0,0.0102497430104145,0.001127743676085,0.143369848216624,104
"15","Bosnia and Herzegovina","paris-2024","BIH",3164000,"Non-medalist","non_medal_winner",0,0,0,0,0,0,0,15,7.67008852148065e-08,2.28709030385445e-08,1.22967249334859e-09,4.52999968669545e-07,NA,NA,NA,NA,NA,NA,0,0.0228709030385445,0.00122967249334859,0.452999968669545,105
"16","British Virgin Islands","paris-2024","VGB",39000,"Non-medalist","non_medal_winner",0,0,0,0,0,0,0,16,3.03645794241934e-07,6.41691133581386e-08,1.29813676537403e-09,2.10682039604315e-06,NA,NA,NA,NA,NA,NA,0,0.0641691133581386,0.00129813676537403,2.10682039604315,106
"17","Brunei","paris-2024","BRN",463000,"Non-medalist","non_medal_winner",0,0,0,0,0,0,0,17,2.08871075689344e-07,4.71537805016074e-08,1.27378922003576e-09,1.43514829931644e-06,NA,NA,NA,NA,NA,NA,0,0.0471537805016074,0.00127378922003576,1.43514829931644,107
"18","Burkina Faso","paris-2024","BFA",23549000,"Non-medalist","non_medal_winner",0,0,0,0,0,0,0,18,1.57653818765334e-08,7.04324836368294e-09,1.10767572251303e-09,8.0685145414615e-08,NA,NA,NA,NA,NA,NA,0,0.00704324836368293,0.00110767572251303,0.080685145414615,108
"19","Burundi","paris-2024","BDI",14048000,"Non-medalist","non_medal_winner",0,0,0,0,0,0,0,19,2.37631443450878e-08,9.44614746037971e-09,1.13232061647955e-09,1.32818550245193e-07,NA,NA,NA,NA,NA,NA,0,0.00944614746037971,0.00113232061647955,0.132818550245193,109
"20","Cambodia","paris-2024","KHM",17639000,"Non-medalist","non_medal_winner",0,0,0,0,0,0,0,20,2.01889993036895e-08,8.52529459704076e-09,1.12183420216544e-09,1.07360859969303e-07,NA,NA,NA,NA,NA,NA,0,0.00852529459704076,0.00112183420216544,0.107360859969303,110
"21","Cameroon","paris-2024","CMR",29124000,"Non-medalist","non_medal_winner",0,0,0,0,0,0,0,21,1.30010583436274e-08,6.1083326794949e-09,1.09212764026217e-09,6.44024755893915e-08,NA,NA,NA,NA,NA,NA,0,0.0061083326794949,0.00109212764026217,0.0644024755893915,111
"22","Cayman Islands","paris-2024","CYM",74000,"Non-medalist","non_medal_winner",0,0,0,0,0,0,0,22,3.12384678930795e-07,6.69669539627454e-08,1.31224140193101e-09,2.11401944222509e-06,NA,NA,NA,NA,NA,NA,0,0.0669669539627454,0.00131224140193101,2.11401944222509,112
"23","Central African Republic","paris-2024","CAF",5331000,"Non-medalist","non_medal_winner",0,0,0,0,0,0,0,23,4.87666682012236e-08,1.54197358356991e-08,1.18603767784013e-09,2.91158008733668e-07,NA,NA,NA,NA,NA,NA,0,0.0154197358356991,0.00118603767784013,0.291158008733668,113
"24","Chad","paris-2024","TCD",20299000,"Non-medalist","non_medal_winner",0,0,0,0,0,0,0,24,1.79031481368212e-08,7.76355712066132e-09,1.10995842975573e-09,9.23088931959045e-08,NA,NA,NA,NA,NA,NA,0,0.00776355712066132,0.00110995842975573,0.0923088931959045,114
"25","Comoros","paris-2024","COM",867000,"Non-medalist","non_medal_winner",0,0,0,0,0,0,0,25,1.50561506023413e-07,3.68948434308948e-08,1.25583822965565e-09,9.51515439563558e-07,NA,NA,NA,NA,NA,NA,0,0.0368948434308948,0.00125583822965565,0.951515439563558,115
"26","Republic of the Congo","paris-2024","COG",6333000,"Non-medalist","non_medal_winner",0,0,0,0,0,0,0,26,4.28289043631758e-08,1.46192436515916e-08,1.17178752495156e-09,2.4751504647031e-07,NA,NA,NA,NA,NA,NA,0,0.0146192436515916,0.00117178752495156,0.24751504647031,116
"27","Democratic Republic of the Congo","paris-2024","COD",109276000,"Non-medalist","non_medal_winner",0,0,0,0,0,0,0,27,5.16399242968016e-09,3.22261205788072e-09,1.0611369725883e-09,2.06573920885392e-08,NA,NA,NA,NA,NA,NA,0,0.00322261205788072,0.0010611369725883,0.0206573920885392,117
"28","Cook Islands","paris-2024","COK",14000,"Non-medalist","non_medal_winner",0,0,0,0,0,0,0,28,3.16071996359985e-07,6.36809577259412e-08,1.28604606789416e-09,2.27124702529142e-06,NA,NA,NA,NA,NA,NA,0,0.0636809577259412,0.00128604606789416,2.27124702529142,118
"29","Costa Rica","paris-2024","CRI",5130000,"Non-medalist","non_medal_winner",0,0,0,0,0,0,0,29,5.19700980410499e-08,1.7044914360011e-08,1.18261500127774e-09,3.04240993936522e-07,NA,NA,NA,NA,NA,NA,0,0.017044914360011,0.00118261500127774,0.304240993936522,119
"30","Djibouti","paris-2024","DJI",1169000,"Non-medalist","non_medal_winner",0,0,0,0,0,0,0,30,1.38488403756035e-07,3.59354344723148e-08,1.26497066593252e-09,8.91345160198217e-07,NA,NA,NA,NA,NA,NA,0,0.0359354344723148,0.00126497066593252,0.891345160198217,120
"31","El Salvador","paris-2024","SLV",6338000,"Non-medalist","non_medal_winner",0,0,0,0,0,0,0,31,4.31731737041993e-08,1.50014087185242e-08,1.16523586073756e-09,2.60268149241821e-07,NA,NA,NA,NA,NA,NA,0,0.0150014087185242,0.00116523586073756,0.260268149241821,121
"32","Equatorial Guinea","paris-2024","GNQ",1893000,"Non-medalist","non_medal_winner",0,0,0,0,0,0,0,32,1.03184601341423e-07,2.96980497304478e-08,1.22121414730343e-09,6.49388168688542e-07,NA,NA,NA,NA,NA,NA,0,0.0296980497304478,0.00122121414730343,0.649388168688542,122
"33","Eritrea","paris-2024","ERI",3536000,"Non-medalist","non_medal_winner",0,0,0,0,0,0,0,33,6.45607375039872e-08,2.09194749756303e-08,1.21612195883231e-09,3.87983114291519e-07,NA,NA,NA,NA,NA,NA,0,0.0209194749756303,0.00121612195883231,0.387983114291519,123
"34","Estonia","paris-2024","EST",1361000,"Non-medalist","non_medal_winner",0,0,0,0,0,0,0,34,1.20810580825574e-07,3.2059349711582e-08,1.24322073962167e-09,7.65260855073993e-07,NA,NA,NA,NA,NA,NA,0,0.032059349711582,0.00124322073962167,0.765260855073993,124
"35","Eswatini","paris-2024","SWZ",1243000,"Non-medalist","non_medal_winner",0,0,0,0,0,0,0,35,1.32940271498895e-07,3.56606664896831e-08,1.2710633925383e-09,8.50172221109468e-07,NA,NA,NA,NA,NA,NA,0,0.0356606664896831,0.0012710633925383,0.850172221109468,125
"36","Finland","paris-2024","FIN",5617000,"Non-medalist","non_medal_winner",0,0,0,0,0,0,0,36,4.82504538879044e-08,1.61161258810403e-08,1.18156660777525e-09,2.84090974159507e-07,NA,NA,NA,NA,NA,NA,0,0.0161161258810403,0.00118156660777525,0.284090974159507,126
"37","Gabon","paris-2024","GAB",2539000,"Non-medalist","non_medal_winner",0,0,0,0,0,0,0,37,8.41568386452243e-08,2.47052224952202e-08,1.19755858851233e-09,5.24924321348754e-07,NA,NA,NA,NA,NA,NA,0,0.0247052224952202,0.00119755858851233,0.524924321348754,127
"38","The Gambia","paris-2024","GMB",2760000,"Non-medalist","non_medal_winner",0,0,0,0,0,0,0,38,7.74184726429684e-08,2.29379924300053e-08,1.21878894499945e-09,4.78446666349082e-07,NA,NA,NA,NA,NA,NA,0,0.0229379924300053,0.00121878894499945,0.478446666349082,128
"39","Ghana","paris-2024","GHA",34427000,"Non-medalist","non_medal_winner",0,0,0,0,0,0,0,39,1.17693413626262e-08,5.7878381695414e-09,1.09555675959822e-09,5.64005569190734e-08,NA,NA,NA,NA,NA,NA,0,0.0057878381695414,0.00109555675959822,0.0564005569190734,129
"40","Guam","paris-2024","GUM",168000,"Non-medalist","non_medal_winner",0,0,0,0,0,0,0,40,2.72429150369281e-07,6.05902575815488e-08,1.32093451921186e-09,1.75238240005973e-06,NA,NA,NA,NA,NA,NA,0,0.0605902575815488,0.00132093451921186,1.75238240005973,130
"41","Guinea","paris-2024","GIN",14755000,"Non-medalist","non_medal_winner",0,0,0,0,0,0,0,41,2.19213691495464e-08,8.99783272855453e-09,1.12543330638617e-09,1.15871611756872e-07,NA,NA,NA,NA,NA,NA,0,0.00899783272855453,0.00112543330638617,0.115871611756872,131
"42","Guinea-Bissau","paris-2024","GNB",2201000,"Non-medalist","non_medal_winner",0,0,0,0,0,0,0,42,8.85180760205385e-08,2.50722937213886e-08,1.232694705383e-09,5.58874234681958e-07,NA,NA,NA,NA,NA,NA,0,0.0250722937213886,0.001232694705383,0.558874234681958,132
"43","Guyana[GUY]","paris-2024","GUY",831000,"Non-medalist","non_medal_winner",0,0,0,0,0,0,0,43,1.65030983003303e-07,4.10923361085479e-08,1.28157356486812e-09,1.09236920056375e-06,NA,NA,NA,NA,NA,NA,0,0.0410923361085479,0.00128157356486812,1.09236920056375,133
"44","Haiti","paris-2024","HTI",11773000,"Non-medalist","non_medal_winner",0,0,0,0,0,0,0,44,2.67197262707101e-08,1.04305043620873e-08,1.1405155023483e-09,1.48050095572683e-07,NA,NA,NA,NA,NA,NA,0,0.0104305043620873,0.0011405155023483,0.148050095572683,134
"45","Honduras","paris-2024","HND",10826000,"Non-medalist","non_medal_winner",0,0,0,0,0,0,0,45,2.80670138300073e-08,1.100617877358e-08,1.1417125487486e-09,1.5416705983039e-07,NA,NA,NA,NA,NA,NA,0,0.01100617877358,0.0011417125487486,0.15416705983039,135
"46","Iceland","paris-2024","ISL",393000,"Non-medalist","non_medal_winner",0,0,0,0,0,0,0,46,2.1638315690485e-07,5.11064619163542e-08,1.27907752972267e-09,1.43808160095988e-06,NA,NA,NA,NA,NA,NA,0,0.0511064619163542,0.00127907752972267,1.43808160095988,136
"47","Iraq","paris-2024","IRQ",46042000,"Non-medalist","non_medal_winner",0,0,0,0,0,0,0,47,9.51094525801697e-09,5.03203737541731e-09,1.08751531966068e-09,4.42648032546288e-08,NA,NA,NA,NA,NA,NA,0,0.00503203737541731,0.00108751531966068,0.0442648032546288,137
"48","Kiribati","paris-2024","KIR",135000,"Non-medalist","non_medal_winner",0,0,0,0,0,0,0,48,2.75372226590466e-07,5.78145714896534e-08,1.28263247535617e-09,1.83952180181064e-06,NA,NA,NA,NA,NA,NA,0,0.0578145714896534,0.00128263247535617,1.83952180181064,138
"49","Kuwait","paris-2024","KWT",4935000,"Non-medalist","non_medal_winner",0,0,0,0,0,0,0,49,5.25692500156926e-08,1.66662025213454e-08,1.19051404471796e-09,3.13682990897376e-07,NA,NA,NA,NA,NA,NA,0,0.0166662025213454,0.00119051404471796,0.313682990897376,139
"50","Laos","paris-2024","LAO",7770000,"Non-medalist","non_medal_winner",0,0,0,0,0,0,0,50,3.65403275770349e-08,1.32467291988465e-08,1.16107761198087e-09,2.10961930254806e-07,NA,NA,NA,NA,NA,NA,0,0.0132467291988465,0.00116107761198087,0.210961930254806,140
"51","Latvia","paris-2024","LVA",1872000,"Non-medalist","non_medal_winner",0,0,0,0,0,0,0,51,1.0466625993631e-07,2.85184170298104e-08,1.21012366204552e-09,6.62073990760073e-07,NA,NA,NA,NA,NA,NA,0,0.0285184170298104,0.00121012366204552,0.662073990760073,141
"52","Lebanon","paris-2024","LBN",5806000,"Non-medalist","non_medal_winner",0,0,0,0,0,0,0,52,4.49680149094867e-08,1.50325059565029e-08,1.16908734518756e-09,2.64556079618481e-07,NA,NA,NA,NA,NA,NA,0,0.0150325059565029,0.00116908734518756,0.264556079618481,142
"53","Lesotho","paris-2024","LSO",2337000,"Non-medalist","non_medal_winner",0,0,0,0,0,0,0,53,8.69952403054906e-08,2.57781973137733e-08,1.21408825176577e-09,5.2344535023108e-07,NA,NA,NA,NA,NA,NA,0,0.0257781973137733,0.00121408825176577,0.52344535023108,143
"54","Liberia","paris-2024","LBR",5613000,"Non-medalist","non_medal_winner",0,0,0,0,0,0,0,54,4.66235777361284e-08,1.58819712159597e-08,1.16890578960821e-09,2.7094209226053e-07,NA,NA,NA,NA,NA,NA,0,0.0158819712159597,0.00116890578960821,0.27094209226053,144
"55","Libya","paris-2024","LBY",7381000,"Non-medalist","non_medal_winner",0,0,0,0,0,0,0,55,3.76239144101528e-08,1.30069167905345e-08,1.14453095150727e-09,2.24327444074726e-07,NA,NA,NA,NA,NA,NA,0,0.0130069167905345,0.00114453095150727,0.224327444074726,145
"56","Liechtenstein","paris-2024","LIE",40000,"Non-medalist","non_medal_winner",0,0,0,0,0,0,0,56,3.05542757328528e-07,6.18544963853101e-08,1.29876038519324e-09,2.09363591116876e-06,NA,NA,NA,NA,NA,NA,0,0.0618544963853101,0.00129876038519324,2.09363591116876,146
"57","Luxembourg","paris-2024","LUX",673000,"Non-medalist","non_medal_winner",0,0,0,0,0,0,0,57,1.69749061380264e-07,3.98619184748456e-08,1.2617352408852e-09,1.14134785609601e-06,NA,NA,NA,NA,NA,NA,0,0.0398619184748456,0.0012617352408852,1.14134785609601,147
"58","Madagascar","paris-2024","MDG",31965000,"Non-medalist","non_medal_winner",0,0,0,0,0,0,0,58,1.25545895204417e-08,5.92258131629413e-09,1.10996653249291e-09,6.38092526750086e-08,NA,NA,NA,NA,NA,NA,0,0.00592258131629413,0.00110996653249291,0.0638092526750086,148
"59","Malawi","paris-2024","MWI",21655000,"Non-medalist","non_medal_winner",0,0,0,0,0,0,0,59,1.62561822385285e-08,7.08926533405767e-09,1.10330652392946e-09,8.44309086011634e-08,NA,NA,NA,NA,NA,NA,0,0.00708926533405767,0.00110330652392946,0.0844309086011634,149
"60","Maldives","paris-2024","MDV",528000,"Non-medalist","non_medal_winner",0,0,0,0,0,0,0,60,1.9295174308454e-07,4.68651402940837e-08,1.24867654789728e-09,1.25563393808349e-06,NA,NA,NA,NA,NA,NA,0,0.0468651402940837,0.00124867654789728,1.25563393808349,150
"61","Mali","paris-2024","MLI",24479000,"Non-medalist","non_medal_winner",0,0,0,0,0,0,0,61,1.54116477199061e-08,6.86165850318331e-09,1.11096611438215e-09,7.86854161789176e-08,NA,NA,NA,NA,NA,NA,0,0.00686165850318331,0.00111096611438215,0.0786854161789176,151
"62","Malta","paris-2024","MLT",540000,"Non-medalist","non_medal_winner",0,0,0,0,0,0,0,62,1.94586507730795e-07,4.47433730298911e-08,1.28693521490045e-09,1.32003274553774e-06,NA,NA,NA,NA,NA,NA,0,0.0447433730298911,0.00128693521490045,1.32003274553774,152
"63","Marshall Islands","paris-2024","MHL",38000,"Non-medalist","non_medal_winner",0,0,0,0,0,0,0,63,3.38268771712866e-07,6.59200770328165e-08,1.31662679917162e-09,2.2900313488233e-06,NA,NA,NA,NA,NA,NA,0,0.0659200770328165,0.00131662679917162,2.2900313488233,153
"64","Mauritania","paris-2024","MRT",5169000,"Non-medalist","non_medal_winner",0,0,0,0,0,0,0,64,5.08209306958674e-08,1.72408393333284e-08,1.17039203827521e-09,2.99245784064798e-07,NA,NA,NA,NA,NA,NA,0,0.0172408393333284,0.00117039203827521,0.299245784064798,154
"65","Mauritius","paris-2024","MUS",1271000,"Non-medalist","non_medal_winner",0,0,0,0,0,0,0,65,1.26554059572205e-07,3.3024030631572e-08,1.2423852400691e-09,8.12887242028158e-07,NA,NA,NA,NA,NA,NA,0,0.033024030631572,0.0012423852400691,0.812887242028158,155
"66","Federated States of Micronesia","paris-2024","FSM",113000,"Non-medalist","non_medal_winner",0,0,0,0,0,0,0,66,2.89996376755981e-07,6.39602362981669e-08,1.29634840047169e-09,1.92895681565042e-06,NA,NA,NA,NA,NA,NA,0,0.0639602362981669,0.00129634840047169,1.92895681565042,156
"67","Monaco","paris-2024","MCO",39000,"Non-medalist","non_medal_winner",0,0,0,0,0,0,0,67,3.04152686623725e-07,6.74103746505776e-08,1.31584103323706e-09,2.03328561974784e-06,NA,NA,NA,NA,NA,NA,0,0.0674103746505775,0.00131584103323706,2.03328561974784,157
"68","Montenegro","paris-2024","MNE",638000,"Non-medalist","non_medal_winner",0,0,0,0,0,0,0,68,1.79525160276984e-07,4.40010558466953e-08,1.30138096539052e-09,1.15887765352195e-06,NA,NA,NA,NA,NA,NA,0,0.0440010558466953,0.00130138096539052,1.15887765352195,158
"69","Mozambique","paris-2024","MOZ",34632000,"Non-medalist","non_medal_winner",0,0,0,0,0,0,0,69,1.18655712204755e-08,5.83168194287516e-09,1.0931571583684e-09,5.85419350706328e-08,NA,NA,NA,NA,NA,NA,0,0.00583168194287516,0.0010931571583684,0.0585419350706328,159
"70","Myanmar","paris-2024","MMR",54500000,"Non-medalist","non_medal_winner",0,0,0,0,0,0,0,70,8.61540438909413e-09,4.53416972859859e-09,1.08435593374111e-09,3.91561767056025e-08,NA,NA,NA,NA,NA,NA,0,0.00453416972859859,0.00108435593374111,0.0391561767056025,160
"71","Namibia","paris-2024","NAM",3030000,"Non-medalist","non_medal_winner",0,0,0,0,0,0,0,71,7.47467808197397e-08,2.2944383720672e-08,1.20014220465633e-09,4.58846623975682e-07,NA,NA,NA,NA,NA,NA,0,0.022944383720672,0.00120014220465633,0.458846623975682,161
"72","Nauru","paris-2024","NRU",12000,"Non-medalist","non_medal_winner",0,0,0,0,0,0,0,72,3.39703847087766e-07,6.84094391982228e-08,1.32823840628201e-09,2.34831475149236e-06,NA,NA,NA,NA,NA,NA,0,0.0684094391982228,0.00132823840628201,2.34831475149236,162
"73","Nepal","paris-2024","NPL",29651000,"Non-medalist","non_medal_winner",0,0,0,0,0,0,0,73,1.37327730688264e-08,6.5112114607544e-09,1.10545150813226e-09,6.85277940517604e-08,NA,NA,NA,NA,NA,NA,0,0.0065112114607544,0.00110545150813226,0.0685277940517604,163
"74","Nicaragua","paris-2024","NIC",6916000,"Non-medalist","non_medal_winner",0,0,0,0,0,0,0,74,4.02203235976042e-08,1.42554028141111e-08,1.16260494546789e-09,2.25880626166844e-07,NA,NA,NA,NA,NA,NA,0,0.0142554028141111,0.00116260494546789,0.225880626166844,164
"75","Niger","paris-2024","NER",27032000,"Non-medalist","non_medal_winner",0,0,0,0,0,0,0,75,1.41411730036442e-08,6.6161011691633e-09,1.10843028910205e-09,7.08856677219712e-08,NA,NA,NA,NA,NA,NA,0,0.0066161011691633,0.00110843028910205,0.0708856677219712,165
"76","Nigeria","paris-2024","NGA",232679000,"Non-medalist","non_medal_winner",0,0,0,0,0,0,0,76,3.38321373224138e-09,2.39528247046099e-09,1.04142631637667e-09,1.1434699606118e-08,NA,NA,NA,NA,NA,NA,0,0.00239528247046099,0.00104142631637667,0.011434699606118,166
"77","North Macedonia","paris-2024","MKD",1823000,"Non-medalist","non_medal_winner",0,0,0,0,0,0,0,77,1.05860731565785e-07,3.01156527567384e-08,1.22658735536684e-09,6.49312861524872e-07,NA,NA,NA,NA,NA,NA,0,0.0301156527567384,0.00122658735536684,0.649312861524872,167
"78","Oman","paris-2024","OMN",5282000,"Non-medalist","non_medal_winner",0,0,0,0,0,0,0,78,4.79750476895671e-08,1.59364026470846e-08,1.19128006616061e-09,2.79336738933989e-07,NA,NA,NA,NA,NA,NA,0,0.0159364026470846,0.00119128006616061,0.279336738933989,168
"79","Palau","paris-2024","PLW",18000,"Non-medalist","non_medal_winner",0,0,0,0,0,0,0,79,3.18471605620487e-07,6.79907431697428e-08,1.28149529464738e-09,2.15200251184665e-06,NA,NA,NA,NA,NA,NA,0,0.0679907431697428,0.00128149529464738,2.15200251184665,169
"80","Palestine","paris-2024","PSE",5495000,"Non-medalist","non_medal_winner",0,0,0,0,0,0,0,80,4.77585362075939e-08,1.63002131342435e-08,1.18070568830697e-09,2.77782585491506e-07,NA,NA,NA,NA,NA,NA,0,0.0163002131342435,0.00118070568830697,0.277782585491506,170
"81","Papua New Guinea","paris-2024","PNG",10577000,"Non-medalist","non_medal_winner",0,0,0,0,0,0,0,81,2.93460460365924e-08,1.15008640548553e-08,1.13972579593115e-09,1.64648153668252e-07,NA,NA,NA,NA,NA,NA,0,0.0115008640548553,0.00113972579593115,0.164648153668252,171
"82","Paraguay","paris-2024","PRY",6929000,"Non-medalist","non_medal_winner",0,0,0,0,0,0,0,82,3.81678286024218e-08,1.34465308002119e-08,1.15776722787514e-09,2.21012008853613e-07,NA,NA,NA,NA,NA,NA,0,0.0134465308002119,0.00115776722787514,0.221012008853613,172
"83","Rwanda","paris-2024","RWA",14257000,"Non-medalist","non_medal_winner",0,0,0,0,0,0,0,83,2.23439356365146e-08,9.14278926271646e-09,1.12353541375547e-09,1.17620122373019e-07,NA,NA,NA,NA,NA,NA,0,0.00914278926271646,0.00112353541375547,0.117620122373019,173
"84","Saint Kitts and Nevis","paris-2024","KNA",47000,"Non-medalist","non_medal_winner",0,0,0,0,0,0,0,84,3.09942677537029e-07,6.50988997327614e-08,1.32397354318438e-09,2.01697741808004e-06,NA,NA,NA,NA,NA,NA,0,0.0650988997327614,0.00132397354318438,2.01697741808004,174
"85","Saint Vincent and the Grenadines","paris-2024","VCT",101000,"Non-medalist","non_medal_winner",0,0,0,0,0,0,0,85,2.7542976983091e-07,6.42702669708108e-08,1.32938896147451e-09,1.88525744416738e-06,NA,NA,NA,NA,NA,NA,0,0.0642702669708108,0.00132938896147451,1.88525744416738,175
"86","Samoa","paris-2024","WSM",218000,"Non-medalist","non_medal_winner",0,0,0,0,0,0,0,86,2.48225959241633e-07,5.83745534039451e-08,1.30827974800246e-09,1.57236253011403e-06,NA,NA,NA,NA,NA,NA,0,0.0583745534039451,0.00130827974800246,1.57236253011403,176
"87","San Marino","paris-2024","SMR",34000,"Non-medalist","non_medal_winner",0,0,0,0,0,0,0,87,3.26506583805657e-07,6.58521192529644e-08,1.32703161171357e-09,2.30301727031967e-06,NA,NA,NA,NA,NA,NA,0,0.0658521192529644,0.00132703161171357,2.30301727031967,177
"88","São Tomé and Príncipe","paris-2024","STP",236000,"Non-medalist","non_medal_winner",0,0,0,0,0,0,0,88,2.55131593034928e-07,5.70459527363984e-08,1.27703021436408e-09,1.74394742839532e-06,NA,NA,NA,NA,NA,NA,0,0.0570459527363983,0.00127703021436409,1.74394742839532,178
"89","Saudi Arabia","paris-2024","SAU",33963000,"Non-medalist","non_medal_winner",0,0,0,0,0,0,0,89,1.17235075152711e-08,5.76059944860477e-09,1.10371576561802e-09,5.84183911427698e-08,NA,NA,NA,NA,NA,NA,0,0.00576059944860477,0.00110371576561802,0.0584183911427698,179
"90","Senegal","paris-2024","SEN",18502000,"Non-medalist","non_medal_winner",0,0,0,0,0,0,0,90,1.83635701999377e-08,8.12447678523248e-09,1.11722730580993e-09,9.50688316484386e-08,NA,NA,NA,NA,NA,NA,0,0.00812447678523248,0.00111722730580993,0.0950688316484386,180
"91","Seychelles","paris-2024","SYC",130000,"Non-medalist","non_medal_winner",0,0,0,0,0,0,0,91,2.95360957942357e-07,6.50207504693735e-08,1.33935731044559e-09,2.03326553368347e-06,NA,NA,NA,NA,NA,NA,0,0.0650207504693735,0.00133935731044559,2.03326553368347,181
"92","Sierra Leone","paris-2024","SLE",8642000,"Non-medalist","non_medal_winner",0,0,0,0,0,0,0,92,3.36835546657675e-08,1.25435293633374e-08,1.15115136544988e-09,1.88947942685776e-07,NA,NA,NA,NA,NA,NA,0,0.0125435293633374,0.00115115136544988,0.188947942685776,182
"93","Solomon Islands","paris-2024","SLB",819000,"Non-medalist","non_medal_winner",0,0,0,0,0,0,0,93,1.50455627858411e-07,3.8971539327971e-08,1.28481173944677e-09,9.9332099744264e-07,NA,NA,NA,NA,NA,NA,0,0.038971539327971,0.00128481173944677,0.99332099744264,183
"94","Somalia","paris-2024","SOM",19009000,"Non-medalist","non_medal_winner",0,0,0,0,0,0,0,94,1.83117390873692e-08,7.90839580816199e-09,1.11329467537774e-09,9.65724123592419e-08,NA,NA,NA,NA,NA,NA,0,0.00790839580816199,0.00111329467537774,0.0965724123592419,184
"95","Sri Lanka","paris-2024","LKA",23104000,"Non-medalist","non_medal_winner",0,0,0,0,0,0,0,95,1.63846533947966e-08,7.3662529376985e-09,1.11159400522078e-09,8.8854092873604e-08,NA,NA,NA,NA,NA,NA,0,0.0073662529376985,0.00111159400522078,0.088854092873604,185
"96","Sudan","paris-2024","SDN",50449000,"Non-medalist","non_medal_winner",0,0,0,0,0,0,0,96,8.84468277517942e-09,4.66429441955838e-09,1.08617185684561e-09,4.00135015907729e-08,NA,NA,NA,NA,NA,NA,0,0.00466429441955838,0.00108617185684561,0.0400135015907729,186
"97","South Sudan","paris-2024","SSD",11943000,"Non-medalist","non_medal_winner",0,0,0,0,0,0,0,97,2.71710097470852e-08,1.00879084697817e-08,1.15040059941635e-09,1.53522208345282e-07,NA,NA,NA,NA,NA,NA,0,0.0100879084697817,0.00115040059941635,0.153522208345282,187
"98","Suriname","paris-2024","SUR",634000,"Non-medalist","non_medal_winner",0,0,0,0,0,0,0,98,1.83883469880149e-07,4.36495242962508e-08,1.27288552163131e-09,1.21737343209386e-06,NA,NA,NA,NA,NA,NA,0,0.0436495242962508,0.0012728855216313,1.21737343209386,188
"99","Syria","paris-2024","SYR",24673000,"Non-medalist","non_medal_winner",0,0,0,0,0,0,0,99,1.52178901090266e-08,7.01007365482314e-09,1.12350079652498e-09,7.65059948996554e-08,NA,NA,NA,NA,NA,NA,0,0.00701007365482314,0.00112350079652498,0.0765059948996554,189
"100","Tanzania","paris-2024","TZA",68560000,"Non-medalist","non_medal_winner",0,0,0,0,0,0,0,100,7.07389508382697e-09,4.00406744926183e-09,1.075395662369e-09,3.09793017900085e-08,NA,NA,NA,NA,NA,NA,0,0.00400406744926183,0.001075395662369,0.0309793017900085,190
"101","East Timor","paris-2024","TLS",1401000,"Non-medalist","non_medal_winner",0,0,0,0,0,0,0,101,1.26555447424601e-07,3.14496571978492e-08,1.25228135747458e-09,8.29991625325968e-07,NA,NA,NA,NA,NA,NA,0,0.0314496571978492,0.00125228135747458,0.829991625325968,191
"102","Togo","paris-2024","TGO",9515000,"Non-medalist","non_medal_winner",0,0,0,0,0,0,0,102,3.15164120134635e-08,1.18866417597953e-08,1.14974864666126e-09,1.77335716493205e-07,NA,NA,NA,NA,NA,NA,0,0.0118866417597953,0.00114974864666126,0.177335716493205,192
"103","Tonga","paris-2024","TON",104000,"Non-medalist","non_medal_winner",0,0,0,0,0,0,0,103,2.97048769151568e-07,6.37955473015297e-08,1.3244889343969e-09,1.9629785168916e-06,NA,NA,NA,NA,NA,NA,0,0.0637955473015297,0.0013244889343969,1.9629785168916,193
"104","Trinidad and Tobago","paris-2024","TTO",1508000,"Non-medalist","non_medal_winner",0,0,0,0,0,0,0,104,1.17479711551567e-07,3.15817760190652e-08,1.20768780559595e-09,7.34550392276365e-07,NA,NA,NA,NA,NA,NA,0,0.0315817760190652,0.00120768780559595,0.734550392276365,194
"105","Turkmenistan","paris-2024","TKM",7494000,"Non-medalist","non_medal_winner",0,0,0,0,0,0,0,105,3.871785621007e-08,1.39524081776045e-08,1.16960984319568e-09,2.1934562039617e-07,NA,NA,NA,NA,NA,NA,0,0.0139524081776045,0.00116960984319568,0.21934562039617,195
"106","Tuvalu","paris-2024","TUV",10000,"Non-medalist","non_medal_winner",0,0,0,0,0,0,0,106,3.36369142296061e-07,6.77223903196806e-08,1.35573638130173e-09,2.30050101220101e-06,NA,NA,NA,NA,NA,NA,0,0.0677223903196806,0.00135573638130173,2.30050101220101,196
"107","United Arab Emirates","paris-2024","ARE",11027000,"Non-medalist","non_medal_winner",0,0,0,0,0,0,0,107,2.66782828007091e-08,1.0434768096067e-08,1.14299672880337e-09,1.48767534539215e-07,NA,NA,NA,NA,NA,NA,0,0.010434768096067,0.00114299672880337,0.148767534539215,197
"108","Uruguay","paris-2024","URY",3387000,"Non-medalist","non_medal_winner",0,0,0,0,0,0,0,108,7.16752318557775e-08,2.16412565209536e-08,1.2085027819744e-09,4.51220208532456e-07,NA,NA,NA,NA,NA,NA,0,0.0216412565209536,0.0012085027819744,0.451220208532456,198
"109","Vanuatu","paris-2024","VUT",328000,"Non-medalist","non_medal_winner",0,0,0,0,0,0,0,109,2.27284153359533e-07,5.27839241193677e-08,1.28731724863565e-09,1.52711344425977e-06,NA,NA,NA,NA,NA,NA,0,0.0527839241193677,0.00128731724863565,1.52711344425977,199
"110","Venezuela","paris-2024","VEN",28406000,"Non-medalist","non_medal_winner",0,0,0,0,0,0,0,110,1.33720249264181e-08,6.47930831492219e-09,1.10479186686598e-09,6.51269482211611e-08,NA,NA,NA,NA,NA,NA,0,0.00647930831492219,0.00110479186686598,0.0651269482211611,200
"111","Vietnam","paris-2024","VNM",100988000,"Non-medalist","non_medal_winner",0,0,0,0,0,0,0,111,5.56865231400384e-09,3.35595001970965e-09,1.05852649527194e-09,2.30718434904487e-08,NA,NA,NA,NA,NA,NA,0,0.00335595001970965,0.00105852649527194,0.0230718434904487,201
"112","Virgin Islands","paris-2024","VIR",85000,"Non-medalist","non_medal_winner",0,0,0,0,0,0,0,112,2.82662910871163e-07,6.47174656308255e-08,1.34104559597919e-09,1.8799857885944e-06,NA,NA,NA,NA,NA,NA,0,0.0647174656308255,0.00134104559597919,1.8799857885944,202
"113","Yemen","paris-2024","YEM",40583000,"Non-medalist","non_medal_winner",0,0,0,0,0,0,0,113,1.04718591254359e-08,5.43083520385806e-09,1.09049368522976e-09,4.93933612362421e-08,NA,NA,NA,NA,NA,NA,0,0.00543083520385806,0.00109049368522976,0.0493933612362421,203
"114","Zimbabwe","paris-2024","ZWE",16634000,"Non-medalist","non_medal_winner",0,0,0,0,0,0,0,114,1.99880870292158e-08,8.39442452385476e-09,1.13514536051309e-09,1.03546024941196e-07,NA,NA,NA,NA,NA,NA,0,0.00839442452385476,0.00113514536051309,0.103546024941196,204
"115","Cape Verde","paris-2024","CPV",525000,"Single medal winners","medal_winner",1,1,0,0,0,0,0,115,9.28255475669071e-07,6.62132989508152e-07,3.43047454537099e-08,3.36723038457791e-06,32.4868,29,2,80,34,29.5,1.9047619047619,0.662132989508152,0.0343047454537099,3.3672303845779,9
"116","Ivory Coast","paris-2024","CIV",31934000,"Single medal winners","medal_winner",1,1,0,0,0,0,0,116,3.58477608429265e-08,2.65249291615189e-08,2.13877288784023e-09,1.20801034955876e-07,80.7337,82,65,90,83,83.5,0.0313145863343145,0.0265249291615189,0.00213877288784023,0.120801034955876,84
"117","Cyprus","paris-2024","CYP",1358000,"Single medal winners","medal_winner",1,1,0,0,0,0,0,117,5.48561486642634e-07,3.99982417565321e-07,2.04373199412805e-08,1.92580637779396e-06,42.7909,42,6,83.0249999999996,42,42.5,0.736377025036819,0.399982417565321,0.0204373199412805,1.92580637779396,34
"118","Dominica","paris-2024","DMA",66000,"Single medal winners","medal_winner",1,1,0,0,0,0,0,118,1.5400602887912e-06,1.08622358578514e-06,5.66384379867499e-08,5.61597923975823e-06,23.529,16,1,75,21,12,15.1515151515152,1.08622358578514,0.0566384379867499,5.61597923975823,2
"119","Fiji","paris-2024","FJI",929000,"Single medal winners","medal_winner",1,1,0,0,0,0,1,119,6.98529991663739e-07,5.08805972331791e-07,2.68499987681787e-08,2.43138847536961e-06,37.8671,36,3,82,39,37.5,1.07642626480086,0.508805972331791,0.0268499987681787,2.43138847536961,21
"120","Jordan","paris-2024","JOR",11553000,"Single medal winners","medal_winner",1,1,0,0,0,0,0,120,9.30828339669747e-08,6.86440814046224e-08,4.36606167268834e-09,3.15987940499461e-07,71.7222,72,49,89,73,73.5,0.0865576040855189,0.0686440814046224,0.00436606167268834,0.315987940499461,72
"121","Mongolia","paris-2024","MNG",3476000,"Single medal winners","medal_winner",1,1,0,0,0,0,0,121,2.72946140381479e-07,1.9788183753241e-07,1.00534418484522e-08,9.50949349866767e-07,56.2517,58,19,87,61,61,0.287686996547756,0.19788183753241,0.0100534418484522,0.950949349866767,55
"122","Pakistan","paris-2024","PAK",251269000,"Single medal winners","medal_winner",1,1,0,0,0,0,0,122,5.39221500455027e-09,4.06888637676108e-09,1.12447723879388e-09,1.68138690324713e-08,88.7052,89,85,90,89,89.5,0.00397979854259777,0.00406888637676108,0.00112447723879388,0.0168138690324713,90
"123","Panama","paris-2024","PAN",4516000,"Single medal winners","medal_winner",1,1,0,0,0,0,0,123,2.20450789577271e-07,1.62695103735038e-07,7.8853767946174e-09,7.59422328523092e-07,59.8097,61,25.975,87,62,62.5,0.221434898139947,0.162695103735038,0.0078853767946174,0.759422328523092,62
"124","Peru","paris-2024","PER",34218000,"Single medal winners","medal_winner",1,1,0,0,0,0,0,124,3.3237695133049e-08,2.47788065057956e-08,2.17770271304411e-09,1.09359802942928e-07,81.2874,83,65,90,85,86,0.0292243848266994,0.0247788065057956,0.00217770271304411,0.109359802942928,86
"125","Qatar","paris-2024","QAT",3048000,"Single medal winners","medal_winner",1,1,0,0,0,0,0,125,3.05418448033406e-07,2.1922794878165e-07,1.14081559222546e-08,1.06393163461572e-06,54.1492,56,17,86,57,58,0.328083989501312,0.21922794878165,0.0114081559222546,1.06393163461572,52
"126","Singapore","paris-2024","SGP",5832000,"Single medal winners","medal_winner",1,1,0,0,0,0,0,126,1.7451420345471e-07,1.27678238146949e-07,6.969443375135e-09,6.16930770489127e-07,63.5361,64,31,88,65,65.5,0.171467764060357,0.127678238146949,0.006969443375135,0.616930770489127,65
"127","Slovakia","paris-2024","SVK",5507000,"Single medal winners","medal_winner",1,1,0,0,0,0,0,127,1.85694814773601e-07,1.36296521549636e-07,7.6888758310098e-09,6.40655693540581e-07,62.538,63,30,87,64,64,0.181587071000545,0.136296521549636,0.0076888758310098,0.640655693540581,64
"128","Zambia","paris-2024","ZMB",21315000,"Single medal winners","medal_winner",1,1,0,0,0,0,0,128,5.21565558139174e-08,3.71702746620159e-08,2.61080380816574e-09,1.83089467646437e-07,77.7239,80,59,90,80,81,0.0469153178512784,0.0371702746620159,0.00261080380816574,0.183089467646437,80
"129","Albania","paris-2024","ALB",2792000,"Single medal winners","medal_winner",2,2,0,0,0,0,0,129,6.13965229750196e-07,5.18996702620662e-07,8.127216180381e-08,1.64620546890583e-06,36.6232,36,8,70,37,37.5,0.716332378223496,0.518996702620662,0.08127216180381,1.64620546890583,35
"130","Botswana","paris-2024","BWA",2521000,"Single medal winners","medal_winner",2,2,0,0,0,0,1,130,6.65965978949244e-07,5.6760979954143e-07,8.56586040629647e-08,1.78928442301259e-06,34.8146,33,7,69,36,35,0.793335977786593,0.56760979954143,0.0856586040629647,1.78928442301259,31
"131","Chile","paris-2024","CHL",19765000,"Single medal winners","medal_winner",2,2,0,0,0,0,0,131,1.04737457304802e-07,8.92384526176137e-08,1.3756985289716e-08,2.84411892579599e-07,69.0161,69,51,86,69,69,0.101188970402226,0.0892384526176137,0.013756985289716,0.284411892579599,68
"132","Grenada","paris-2024","GRD",117000,"Single medal winners","medal_winner",2,2,0,0,0,0,0,132,2.64516816380565e-06,2.1831476817754e-06,3.49983335087398e-07,7.51162745316775e-06,9.37119999999999,4,1,45.0249999999996,5,2,17.0940170940171,2.1831476817754,0.349983335087398,7.51162745316775,1
"133","Guatemala","paris-2024","GTM",18406000,"Single medal winners","medal_winner",2,2,0,0,0,0,0,133,1.12503448408791e-07,9.53110453403123e-08,1.55734166092257e-08,3.09367171537352e-07,68.0744,68,49,85,67,67,0.108660219493643,0.0953110453403123,0.0155734166092257,0.309367171537352,67
"134","Kosovo","paris-2024","XKX",1685000,"Single medal winners","medal_winner",2,2,0,0,0,0,0,134,9.01775713220944e-07,7.65993524734947e-07,1.16923669676982e-07,2.43867084213544e-06,27.8257,25,3,65,27,24,1.18694362017804,0.765993524734947,0.116923669676982,2.43867084213543,20
"135","Malaysia","paris-2024","MYS",35558000,"Single medal winners","medal_winner",2,2,0,0,0,0,1,135,5.92069198977146e-08,5.0113472603783e-08,7.54534264837454e-09,1.6105817112283e-07,75.6864,77,60,88,78,78.5,0.0562461330783509,0.050113472603783,0.00754534264837454,0.16105817112283,78
"136","Morocco","paris-2024","MAR",38081000,"Single medal winners","medal_winner",2,2,0,0,0,0,1,136,5.53345770453579e-08,4.70707755682987e-08,7.5618366504116e-09,1.46960789609337e-07,76.3404,77,62,88,79,78.5,0.0525196292114178,0.0470707755682987,0.0075618366504116,0.146960789609337,79
"137","Puerto Rico","paris-2024","PRI",3242000,"Single medal winners","medal_winner",2,2,0,0,0,0,0,137,5.48318403546485e-07,4.63064803136746e-07,7.09272393050192e-08,1.53563592062569e-06,39.2393,39,9,72,40,40,0.616903146206046,0.463064803136746,0.0709272393050192,1.53563592062569,40
"138","Saint Lucia","paris-2024","LCA",180000,"Multi-medal winners","medal_winner",2,0,1,0,0,0,0,138,1.31216680401463e-06,9.30836779816914e-07,4.81839906083013e-08,4.72258288041901e-06,26.0394,20,1,77,23,18.5,11.1111111111111,0.930836779816914,0.0481839906083013,4.72258288041901,3
"139","Uganda","paris-2024","UGA",50015000,"Single medal winners","medal_winner",2,2,0,0,0,0,0,139,4.25822614986168e-08,3.60253956811195e-08,6.00215578031413e-09,1.14069660209988e-07,78.8985,80,65,88,81,81,0.0399880035989203,0.0360253956811195,0.00600215578031413,0.114069660209988,81
"140","Algeria","paris-2024","DZA",46814000,"Single medal winners","medal_winner",3,3,0,0,0,0,0,140,6.64711443537641e-08,5.93949682172566e-08,1.45319692616446e-08,1.55989216939677e-07,73.9644,74,61,86,77,76,0.0640833938565386,0.0593949682172566,0.0145319692616446,0.155989216939677,77
"141","Argentina","paris-2024","ARG",45696000,"Single medal winners","medal_winner",3,3,0,0,0,0,2,141,6.74023252748043e-08,6.00158296881725e-08,1.48158049652149e-08,1.58847575074285e-07,73.8038,74,60,86,75,76,0.0656512605042017,0.0600158296881725,0.0148158049652149,0.158847575074285,75
"142","Dominican Republic","paris-2024","DOM",11428000,"Single medal winners","medal_winner",3,3,0,0,0,0,0,142,2.5845550302353e-07,2.31439931032011e-07,5.78668264943292e-08,6.07551157547966e-07,54.2056,55,32,75,58,57,0.262513125656283,0.231439931032011,0.0578668264943292,0.607551157547966,58
"143","Egypt","paris-2024","EGY",116538000,"Single medal winners","medal_winner",3,3,0,0,0,0,0,143,2.69935149529049e-08,2.40895230079091e-08,5.9259009145804e-09,6.3914902619707e-08,82.339,83,73,88,86,86,0.0257426762086186,0.0240895230079091,0.0059259009145804,0.063914902619707,87
"144","Indonesia","paris-2024","IDN",283488000,"Single medal winners","medal_winner",3,3,0,0,0,0,0,144,1.10050726633636e-08,9.9112972453534e-09,2.4433389814667e-09,2.6070933740934e-08,86.73,87,82,90,88,88,0.0105824585167626,0.0099112972453534,0.0024433389814667,0.026070933740934,88
"145","Slovenia","paris-2024","SVN",2119000,"Single medal winners","medal_winner",3,3,0,0,0,0,0,145,1.10385040397436e-06,9.84479037568725e-07,2.3372455118516e-07,2.62271615410607e-06,21.3187,18,3,55,18,15.5,1.41576215195847,0.984479037568725,0.23372455118516,2.62271615410607,15
"146","Tajikistan","paris-2024","TJK",10591000,"Single medal winners","medal_winner",3,3,0,0,0,0,0,146,2.78196273232775e-07,2.4949066808609e-07,6.22334356132445e-08,6.64083528323858e-07,52.7988,54,29,73,55,55,0.283259371164196,0.24949066808609,0.0622334356132445,0.664083528323858,56
"147","Tunisia","paris-2024","TUN",12277000,"Single medal winners","medal_winner",3,3,0,0,0,0,0,147,2.40865250871999e-07,2.16076735562275e-07,5.39727321096905e-08,5.6981943103474e-07,55.5307,57,33,75,59,59.5,0.244359371181885,0.216076735562275,0.0539727321096905,0.56981943103474,60
"148","Armenia","paris-2024","ARM",2974000,"Single medal winners","medal_winner",4,4,0,0,0,0,0,148,1.11619236304943e-06,1.01923576668749e-06,3.19707373068247e-07,2.43081528107767e-06,19.8363,17,3,49,13,13.5,1.34498991257566,1.01923576668749,0.319707373068247,2.43081528107767,17
"149","Bahrain","paris-2024","BHR",1607000,"Single medal winners","medal_winner",4,4,0,0,0,0,0,149,1.79131617827579e-06,1.64936619204558e-06,5.07477188160527e-07,3.85844679399545e-06,10.8112,8,1,36,7,6,2.48911014312383,1.64936619204558,0.507477188160527,3.85844679399545,5
"150","Colombia","paris-2024","COL",52886000,"Single medal winners","medal_winner",4,4,0,0,0,0,0,150,7.70986777222079e-08,7.10346785311762e-08,2.19875195910977e-08,1.67822384418313e-07,71.9084,72,60,84,74,73.5,0.0756343833906894,0.0710346785311762,0.0219875195910977,0.167822384418313,74
"151","Ethiopia","paris-2024","ETH",132060000,"Single medal winners","medal_winner",4,4,0,0,0,0,0,151,3.13333065614521e-08,2.87065700797563e-08,9.03889742937996e-09,6.91147358715586e-08,81.2093,82,72,87,84,83.5,0.0302892624564592,0.0287065700797563,0.00903889742937996,0.0691147358715586,85
"152","Hong Kong","paris-2024","HKG",7415000,"Multi-medal winners","medal_winner",4,2,1,0,0,0,0,152,3.86123982100279e-07,3.453558487213e-07,8.93854363561912e-08,9.15555777858475e-07,45.9158,46,20,69,46,47.5,0.539447066756575,0.3453558487213,0.0893854363561912,0.915555777858475,42
"153","Lithuania","paris-2024","LTU",2859000,"Single medal winners","medal_winner",4,4,0,0,0,0,1,153,1.15529035341125e-06,1.06337194572751e-06,3.2554402252309e-07,2.53156006248651e-06,19.1362,17,3,48,12,13.5,1.39909059111577,1.06337194572751,0.32554402252309,2.53156006248651,16
"154","Moldova","paris-2024","MDA",3035000,"Single medal winners","medal_winner",4,4,0,0,0,0,0,154,1.10197114189686e-06,1.01614199008745e-06,3.14526500727682e-07,2.38549515641147e-06,20.0853,18,3,49,14,15.5,1.31795716639209,1.01614199008745,0.314526500727682,2.38549515641147,19
"155","Philippines","paris-2024","PHL",115844000,"Multi-medal winners","medal_winner",4,2,1,0,0,0,0,155,2.68441809777731e-08,2.42253024986989e-08,5.647028738102e-09,6.40980560171586e-08,82.3765,83,73,88,87,86,0.0345291944338939,0.0242253024986989,0.005647028738102,0.0640980560171586,83
"156","Portugal","paris-2024","PRT",10425000,"Single medal winners","medal_winner",4,4,0,0,0,0,1,156,3.72833730327193e-07,3.44279776468303e-07,1.03658052629221e-07,8.05805427881659e-07,46.1566,46,24,67,47,47.5,0.383693045563549,0.344279776468303,0.103658052629221,0.805805427881659,46
"157","Austria","paris-2024","AUT",9121000,"Single medal winners","medal_winner",5,5,0,0,0,0,1,157,5.23300618448105e-07,4.88976316858796e-07,1.75779508428615e-07,1.05316414998834e-06,37.6601,37,16,60,38,39,0.548185505975222,0.488976316858796,0.175779508428615,1.05316414998834,41
"158","Czech Republic","paris-2024","CZE",10736000,"Single medal winners","medal_winner",5,5,0,0,0,0,2,158,4.48493906118665e-07,4.22846068982807e-07,1.49587891691042e-07,8.95922205797444e-07,41.4702,41,21,62,41,41,0.465722801788376,0.422846068982807,0.149587891691042,0.895922205797444,44
"159","Ecuador","paris-2024","ECU",18135000,"Single medal winners","medal_winner",5,5,0,0,0,0,1,159,2.72418665143095e-07,2.53599487618802e-07,8.74120268453171e-08,5.50772536194496e-07,52.6608,54,34,69,54,55,0.275709953129308,0.253599487618802,0.0874120268453171,0.550772536194496,57
"160","Mexico","paris-2024","MEX",130861000,"Single medal winners","medal_winner",5,5,0,0,0,0,2,160,3.90832796969723e-08,3.65467154171264e-08,1.25487066173127e-08,8.03696275916528e-08,79.2955,80,69,86,82,81,0.0382084807543882,0.0365467154171264,0.0125487066173127,0.0803696275916528,82
"161","Serbia","paris-2024","SRB",6736000,"Single medal winners","medal_winner",5,5,0,0,0,0,3,161,6.95803649789164e-07,6.47948176899225e-07,2.26035879362439e-07,1.4072010021547e-06,30.524,30,11,56,31,31.5,0.742280285035629,0.647948176899225,0.226035879362439,1.4072010021547,33
"162","India","paris-2024","IND",1450936000,"Single medal winners","medal_winner",6,6,0,0,0,0,2,162,4.24185807372338e-09,3.99088635196584e-09,1.62904938668645e-09,8.18132077916814e-09,89.0401,89,87,90,90,89.5,0.00413526165178891,0.00399088635196584,0.00162904938668645,0.00818132077916814,89
"163","Jamaica","paris-2024","JAM",2839000,"Single medal winners","medal_winner",6,6,0,0,0,0,0,163,1.72710752371473e-06,1.6312709806801e-06,6.33974741945167e-07,3.31155149668473e-06,10.0291,8,2,30,6,6,2.11342021838676,1.6312709806801,0.633974741945167,3.31155149668473,6
"164","North Korea","paris-2024","PRK",26499000,"Single medal winners","medal_winner",6,6,0,0,0,0,2,164,2.2525627435104e-07,2.14035587734515e-07,8.28963171458909e-08,4.37919143519767e-07,56.1008,57,40,70,60,59.5,0.226423638627873,0.214035587734515,0.0828963171458909,0.437919143519767,61
"165","Kyrgyzstan","paris-2024","KGZ",7186000,"Single medal winners","medal_winner",6,6,0,0,0,0,0,165,7.792094386476e-07,7.35555190350299e-07,2.93631784838924e-07,1.50930150557857e-06,27.169,26,9,51,25,25.5,0.834956860562204,0.735555190350299,0.293631784838924,1.50930150557857,28
"166","South Africa","paris-2024","ZAF",64007000,"Multi-medal winners","medal_winner",6,4,1,0,0,0,2,166,7.96277680288003e-08,7.42899191639494e-08,2.60035755495117e-08,1.62707294112171e-07,71.3131,71,60,83,72,72,0.0937397472151483,0.0742899191639494,0.0260035755495117,0.162707294112171,70
"167","Thailand","paris-2024","THA",71668000,"Single medal winners","medal_winner",6,6,0,0,0,0,0,167,8.50879510591512e-08,8.08671220207484e-08,3.10483972829444e-08,1.63637432219546e-07,70.2889,70,60,81,71,71,0.0837193726628342,0.0808671220207484,0.0310483972829444,0.163637432219546,73
"168","Azerbaijan","paris-2024","AZE",10337000,"Single medal winners","medal_winner",7,7,0,0,0,0,0,168,6.45594595929412e-07,6.16978677394081e-07,2.58461383250265e-07,1.20328612048829e-06,31.7004,31,14,53,32,33,0.67717906549289,0.616978677394081,0.258461383250265,1.20328612048829,37
"169","Bulgaria","paris-2024","BGR",6758000,"Single medal winners","medal_winner",7,7,0,0,0,0,0,169,9.60624420113543e-07,9.18197735559288e-07,3.93136212052608e-07,1.77373390687611e-06,21.5506,20,6,43,19,18.5,1.03580941106836,0.918197735559288,0.393136212052608,1.77373390687611,23
"170","Taiwan","paris-2024","TWN",23214000,"Single medal winners","medal_winner",7,7,0,0,0,0,1,170,2.97636604829142e-07,2.8438954654209e-07,1.22195738994015e-07,5.42171927540319e-07,50.5618,51,34,65,53,53,0.301542172826742,0.28438954654209,0.122195738994015,0.542171927540319,54
"171","Croatia","paris-2024","HRV",3875000,"Single medal winners","medal_winner",7,7,0,0,0,0,2,171,1.56321171927409e-06,1.49149759304862e-06,6.47308355415828e-07,2.90334585412593e-06,11.2844,10,2,30,9,8.5,1.80645161290323,1.49149759304862,0.647308355415828,2.90334585412593,12
"172","Georgia","paris-2024","GEO",3808000,"Single medal winners","medal_winner",7,7,0,0,0,0,0,172,1.57643719323714e-06,1.49831699012047e-06,6.47333653403091e-07,2.9440635049591e-06,11.113,10,2,30,8,8.5,1.83823529411765,1.49831699012047,0.647333653403091,2.9440635049591,11
"173","Ireland","paris-2024","IRL",5255000,"Multi-medal winners","medal_winner",7,5,1,0,0,0,2,173,1.03265951050446e-06,9.78653338114248e-07,3.84760441855585e-07,1.99277422202579e-06,20.2597,19,5,43,15,17,1.33206470028544,0.978653338114248,0.384760441855585,1.99277422202579,18
"174","Israel","paris-2024","ISR",9387000,"Single medal winners","medal_winner",7,7,0,0,0,0,1,174,7.03692123618247e-07,6.73186885752021e-07,2.89595853036819e-07,1.302230197657e-06,29.4307,29,12,51,29,29.5,0.745712155108128,0.673186885752021,0.289595853036819,1.302230197657,32
"175","Kazakhstan","paris-2024","KAZ",20593000,"Single medal winners","medal_winner",7,7,0,0,0,0,1,175,3.33571212514691e-07,3.18421676664891e-07,1.36502223960664e-07,6.1318924745249e-07,48.0667,49,31,63,51,51,0.339921332491623,0.318421676664891,0.136502223960664,0.61318924745249,51
"176","Greece","paris-2024","GRC",10048000,"Single medal winners","medal_winner",8,8,0,0,0,0,2,176,7.56819651786758e-07,7.23158063793876e-07,3.37944165928811e-07,1.35691735688547e-06,27.3378,27,11,48,26,27,0.796178343949045,0.723158063793876,0.337944165928811,1.35691735688547,30
"177","Norway","paris-2024","NOR",5577000,"Single medal winners","medal_winner",8,8,0,0,0,0,2,177,1.30046520860522e-06,1.2506711630059e-06,5.53471148658857e-07,2.334568625516e-06,14.6223,13,3,34,11,11,1.43446297292451,1.2506711630059,0.553471148658857,2.334568625516,14
"178","Switzerland","paris-2024","CHE",8922000,"Single medal winners","medal_winner",8,8,0,0,0,0,2,178,8.46113762902303e-07,8.08210407480707e-07,3.74645878747482e-07,1.51262609893908e-06,24.4698,24,9,45,22,23,0.896659941717104,0.808210407480707,0.374645878747482,1.51262609893908,26
"179","Turkey","paris-2024","TUR",87474000,"Single medal winners","medal_winner",8,8,0,0,0,0,2,179,9.26407200247351e-08,8.94800297083461e-08,4.00748524174886e-08,1.63786252063899e-07,68.9114,69,60,79,68,69,0.0914557468504927,0.0894800297083461,0.0400748524174886,0.163786252063899,71
"180","Cuba","paris-2024","CUB",10980000,"Single medal winners","medal_winner",9,9,0,0,0,0,0,180,7.75686321836746e-07,7.47239188302199e-07,3.55982715887099e-07,1.36135698472627e-06,26.4863,26,11,45,24,25.5,0.819672131147541,0.747239188302199,0.355982715887099,1.36135698472627,29
"181","Denmark","paris-2024","DNK",5977000,"Single medal winners","medal_winner",9,9,0,0,0,0,4,181,1.36734643657571e-06,1.32096274387805e-06,6.24047095640375e-07,2.39267276247864e-06,13.2751,12,3,31,10,10,1.50577212648486,1.32096274387805,0.624047095640375,2.39267276247864,13
"182","Romania","paris-2024","ROU",19015000,"Multi-medal winners","medal_winner",9,7,1,0,0,0,5,182,4.15472914742939e-07,3.97896040913495e-07,1.8099496330982e-07,7.50030074026958e-07,42.7914,42,26,59,43,42.5,0.473310544307126,0.397896040913495,0.18099496330982,0.750030074026958,43
"183","Belgium","paris-2024","BEL",11739000,"Multi-medal winners","medal_winner",10,8,1,0,0,0,0,183,7.32858097205386e-07,7.04125829650948e-07,3.37004451915634e-07,1.28072029649228e-06,27.9707,28,12,47,28,28,0.851861316977596,0.704125829650948,0.337004451915634,1.28072029649228,27
"184","Poland","paris-2024","POL",38539000,"Single medal winners","medal_winner",10,10,0,0,0,0,3,184,2.57253543811e-07,2.49309933839296e-07,1.22933071670019e-07,4.35588203715337e-07,53.4532,54,40,65,56,55,0.259477412491243,0.249309933839296,0.122933071670019,0.435588203715337,59
"185","Kenya","paris-2024","KEN",56433000,"Multi-medal winners","medal_winner",11,7,2,0,0,0,0,185,1.59356782001668e-07,1.53553616742336e-07,7.31663164507763e-08,2.79982721473101e-07,61.3879,61,52,72,63,62.5,0.194921411231017,0.153553616742336,0.0731663164507763,0.279982721473101,63
"186","Sweden","paris-2024","SWE",10607000,"Multi-medal winners","medal_winner",11,9,1,0,0,0,4,186,8.95285740389106e-07,8.66043590307007e-07,4.41022019950465e-07,1.52101141894314e-06,22.6178,22,9,40,20,22,1.03705100405393,0.866043590307007,0.441022019950465,1.52101141894314,22
"187","Iran","paris-2024","IRN",91568000,"Single medal winners","medal_winner",12,12,0,0,0,0,0,187,1.32200889005924e-07,1.28132602044024e-07,6.78022596146866e-08,2.18711048140312e-07,63.7844,64,56,73,66,65.5,0.131050148523502,0.128132602044024,0.0678022596146866,0.218711048140312,66
"188","Ukraine","paris-2024","UKR",37860000,"Single medal winners","medal_winner",12,12,0,0,0,0,2,188,3.13552031621885e-07,3.04993774178826e-07,1.62599038386384e-07,5.14370184686891e-07,49.2288,50,35,61,52,52,0.316957210776545,0.304993774178826,0.162599038386384,0.514370184686891,53
"189","Uzbekistan","paris-2024","UZB",36362000,"Single medal winners","medal_winner",13,13,0,0,0,0,0,189,3.53951667357742e-07,3.45191225453902e-07,1.90415127710163e-07,5.71967508649956e-07,46.3337,46,33,59,48,47.5,0.35751608822397,0.345191225453902,0.190415127710163,0.571967508649956,50
"190","Spain","paris-2024","ESP",47911000,"Single medal winners","medal_winner",18,18,0,0,0,0,10,190,3.73022970015223e-07,3.65461876257042e-07,2.21582117268767e-07,5.6324529432055e-07,44.8491,45,33,57,45,45,0.375696604120139,0.365461876257042,0.221582117268767,0.56324529432055,47
"191","Hungary","paris-2024","HUN",9676000,"Multi-medal winners","medal_winner",19,17,1,0,0,0,6,191,1.75077408725915e-06,1.71626219221631e-06,1.04524509675025e-06,2.62881202288455e-06,7.8721,7,2,17,3,3.5,1.96362133112857,1.71626219221631,1.04524509675025,2.62881202288455,8
"192","Brazil","paris-2024","BRA",211999000,"Multi-medal winners","medal_winner",20,17,0,1,0,0,5,192,8.5381745320832e-08,8.37435195839437e-08,5.01313196375395e-08,1.28695342445374e-07,69.5549,69,62,77,70,69,0.0943400676418285,0.0837435195839437,0.0501313196375395,0.128695342445374,69
"193","New Zealand","paris-2024","NZL",5214000,"Multi-medal winners","medal_winner",20,18,1,0,0,0,10,193,3.23148835425016e-06,3.1735280187172e-06,1.96673691232222e-06,4.84667575948934e-06,1.9858,2,1,5,1,1,3.83582662063675,3.1735280187172,1.96673691232222,4.84667575948934,4
"194","Canada","paris-2024","CAN",39742000,"Multi-medal winners","medal_winner",27,21,1,0,1,0,7,194,5.69533957857064e-07,5.61670636484635e-07,3.60476485782207e-07,8.26520108834787e-07,33.7612,34,22,45,35,36,0.679382013990237,0.561670636484635,0.360476485782207,0.826520108834787,36
"195","South Korea","paris-2024","KOR",51718000,"Single medal winners","medal_winner",32,32,0,0,0,0,10,195,6.13247067651477e-07,6.05755020195341e-07,4.21527986285902e-07,8.43932965077906e-07,31.7127,32,22,41,33,34,0.618740090490738,0.605755020195341,0.421527986285902,0.843932965077906,39
"196","Germany","paris-2024","DEU",84552000,"Single medal winners","medal_winner",33,33,0,0,0,0,15,196,3.88023889509257e-07,3.84394975661027e-07,2.66348411166529e-07,5.28963995525588e-07,43.5731,43,34,54,44,44,0.390292364462106,0.384394975661027,0.266348411166529,0.528963995525588,45
"197","Netherlands","paris-2024","NLD",18229000,"Multi-medal winners","medal_winner",34,29,1,1,0,0,16,197,1.64341154348737e-06,1.62729713147599e-06,1.11956103505498e-06,2.27428979723857e-06,8.5101,8,3,16,4,6,1.86515991003346,1.62729713147599,1.11956103505498,2.27428979723857,10
"198","Italy","paris-2024","ITA",59343000,"Multi-medal winners","medal_winner",40,38,1,0,0,0,16,198,6.49961640141128e-07,6.44473194161022e-07,4.64661038012157e-07,8.65523312417534e-07,30.0683,30,21,39,30,31.5,0.674047486645434,0.644473194161022,0.464661038012157,0.865523312417534,38
"199","Japan","paris-2024","JPN",123753000,"Multi-medal winners","medal_winner",45,42,0,1,0,0,11,199,3.46983347816233e-07,3.44348544134098e-07,2.50123459615144e-07,4.57319772785815e-07,46.4782,46,38,56,49,47.5,0.363627548423069,0.344348544134098,0.250123459615144,0.457319772785815,49
"200","Australia","paris-2024","AUS",26713000,"Multi-medal winners","medal_winner",53,43,2,2,0,0,15,200,1.71710931250835e-06,1.70604331612134e-06,1.26876849483902e-06,2.2361969108073e-06,7.6049,7,3,14,2,3.5,1.98405270841912,1.70604331612134,1.26876849483902,2.2361969108073,7
"201","France","paris-2024","FRA",66549000,"Multi-medal winners","medal_winner",64,60,0,0,1,0,17,201,9.0849103117242e-07,9.04615116228619e-07,6.94321373545069e-07,1.15036373025636e-06,20.8346,21,13,29,16,20.5,0.96169739590377,0.904615116228619,0.694321373545069,1.15036373025636,24
"202","Great Britain","paris-2024","GBR",69138000,"Multi-medal winners","medal_winner",65,61,2,0,0,0,28,202,9.04469487445079e-07,8.9817763962998e-07,6.91145478754865e-07,1.14436461199119e-06,20.9326,21,13,29,17,20.5,0.940148688130984,0.89817763962998,0.691145478754865,1.14436461199119,25
"203","China","paris-2024","CHN",1419321000,"Multi-medal winners","medal_winner",91,84,2,1,0,0,27,203,6.14258953024773e-08,6.11600634979995e-08,4.91483156842711e-08,7.50220806136527e-08,73.9484,74,69,79,76,76,0.0641151649274547,0.0611600634979995,0.0491483156842711,0.0750220806136527,76
"204","United States","paris-2024","USA",345427000,"Multi-medal winners","medal_winner",126,103,7,3,0,0,34,204,3.27428087484495e-07,3.2668429262451e-07,2.70024551118104e-07,3.90053393654523e-07,47.9378,48,41,55,50,50,0.364765927388421,0.32668429262451,0.270024551118104,0.390053393654523,48
